{"cameraMode":{"drawMode":0,"name":"Shaded","section":"Shading Mode"},"sceneLighting":true,"audioPlay":false,"sceneViewState":{"m_AlwaysRefresh":false,"showFog":true,"showSkybox":true,"showFlares":true,"showImageEffects":true,"showParticleSystems":true,"showVisualEffectGraphs":true,"m_FxEnabled":true},"in2DMode":false,"pivot":{"x":3.1361560821533205,"y":-7.419609069824219,"z":3.7372703552246095},"rotation":{"x":-0.13352389633655549,"y":0.8652068376541138,"z":-0.3156384825706482,"w":-0.36600667238235476},"size":25.202409744262697,"orthographic":false}